epoch,train_loss,test_acc@1
1,6.752793603336688,33.56
2,6.982568126363852,34.82
3,7.103215954967381,35.870000000000005
4,7.135604941967836,36.67
5,7.1388473314108305,36.57
